file_name,contrast_score,text_density,small_text_ratio,sentence_length,word_length,image_text_ratio,whitespace_ratio,ocr_quality_score,label
"1_gun_ttkb_kriterleri.png",0.954545,0.144477,0.045455,12.361111,7.278652,0.201349,0.826433,0.980000,UYGUN
"testuygun1.png",0.947368,0.224003,0.000000,10.727273,6.406780,1.192942,0.508774,0.960000,UYGUN
"testuygun2.png",1.000000,0.235207,0.000000,5.956522,6.124088,0.719209,0.595631,0.950000,UYGUN
"testuygun3.png",1.000000,0.205992,0.000000,8.263158,5.471338,1.325388,0.520990,0.970000,UYGUN
"testuygun4.png",0.969697,0.277363,0.000000,9.333333,6.450000,0.620654,0.550490,0.930000,UYGUN
"testuygun5 (2).png",0.968750,0.227147,0.000000,5.040000,5.658730,1.383839,0.458518,0.940000,UYGUN
"testuygun6 (2).png",1.000000,0.253510,0.000000,8.400000,6.928571,1.081533,0.472311,0.970000,UYGUN
"testuygun7 (2).png",0.967742,0.244450,0.000000,6.550000,6.320611,1.585853,0.367889,0.980000,UYGUN
"testuygun8 (2).png",0.972222,0.264748,0.055556,6.130435,6.113475,0.887058,0.500406,0.930000,UYGUN
"testuygun9 (2).png",1.000000,0.231103,0.000000,7.894737,6.226666,1.393050,0.446960,0.980000,UYGUN
"testgelistirilmeli1.png",0.894118,0.273419,0.000000,7.354839,6.526316,2.625844,0.008627,0.960000,IYILESTIRILMELI
"testgelistirilmeli2.png",0.838028,0.251177,0.246479,9.644444,6.548387,1.085183,0.476250,0.930000,IYILESTIRILMELI
"testgelistirilmeli3.png",0.925620,0.265877,0.024793,7.375000,6.261017,0.785375,0.525310,0.930000,IYILESTIRILMELI
"testgelistirilmeli4.png",0.828221,0.306595,0.128834,7.070423,5.396414,1.545822,0.219463,0.930000,IYILESTIRILMELI
"testgelistirilmeli5.png",0.965812,0.325432,0.000000,6.685185,6.429363,1.080125,0.323061,0.940000,IYILESTIRILMELI
"testgelistirilmeli6.png",1.000000,0.258313,0.030612,7.425000,6.063973,1.913211,0.247480,0.940000,IYILESTIRILMELI
"testgelistirilmeli7.png",0.678571,0.288542,0.119048,7.024390,6.503472,2.465250,0.000131,0.950000,IYILESTIRILMELI
"testgelistirilmeli8.png",0.970803,0.300191,0.065693,7.049181,5.948837,2.283120,0.014437,0.950000,IYILESTIRILMELI
"testgelistirilmeli9.png",0.938462,0.207259,0.130769,6.333333,6.783282,1.495135,0.482860,0.940000,IYILESTIRILMELI
"testgelistirilmeli10.png",0.957983,0.363682,0.117647,6.833333,6.186992,1.693179,0.020539,0.980000,IYILESTIRILMELI
